{
  "common": {
    "log_level": "INFO",
    "executor_instances": "6",
    "executor_memory": "6g",
    "driver_memory": "2g",
    "spark_conf": {
      "spark.sql.shuffle.partitions": "120"
    },
    "submit_conf": {
      "spark.yarn.maxAppAttempts": "1"
    },
    "spark_options": [
      "--verbose"
    ]
  },
  "jobs": {
    "sales_daily": {
      "view_name": "mart.sales_v",
      "target_table": "mart.sales",
      "load_method": "append",
      "user_name": "analyst1",
      "src_system": "SAP",
      "site_id": "NYC",
      "target_location": "hdfs:///warehouse/tablespace/external/hive/mart.db/sales",
      "audit_table": "dds.audit_log",
      "spark_conf": {
        "spark.sql.autoBroadcastJoinThreshold": "52428800"
      },
      "queue": "analyst"
    },
    "inventory_snapshot": {
      "view_name": "mart.inventory_v",
      "target_table": "mart.inventory_snapshot",
      "load_method": "overwrite",
      "user_name": "ops_user",
      "target_location": "hdfs:///warehouse/tablespace/external/hive/mart.db/inventory_snapshot",
      "audit_table": "dds.audit_log",
      "audit_mode": "overwrite",
      "spark_conf": {
        "spark.sql.sources.partitionOverwriteMode": "dynamic"
      },
      "submit_conf": {
        "spark.dynamicAllocation.enabled": "false"
      },
      "spark_options": [
        "--files",
        "conf/inventory_overrides.json"
      ]
    }
  }
}
